{
  "config": {
    "seed": 42,
    "n_train": 5000,
    "n_stable": 2000,
    "n_post": 2000,
    "alpha": 0.05,
    "n_trials": 10,
    "drift_scenarios": [
      [
        "gra",
        0
      ],
      [
        "gsg",
        500
      ],
      [
        "lea",
        0
      ]
    ]
  },
  "results": {
    "gra_tw0": {
      "PITMonitor": {
        "n_trials": 10,
        "alarm_rate": 1.0,
        "tpr": 1.0,
        "tpr_ci": [
          0.7224598312333834,
          1.0
        ],
        "fpr": 0.0,
        "fpr_ci": [
          0.0,
          0.2775401687666165
        ],
        "median_delay": 163.5,
        "mean_delay": 155.6,
        "std_delay": 25.58593363549589,
        "n_detections": 10,
        "delays": [
          176,
          157,
          136,
          100,
          183,
          170,
          144,
          179,
          178,
          133
        ]
      },
      "ADWIN": {
        "n_trials": 10,
        "alarm_rate": 1.0,
        "tpr": 0.9,
        "tpr_ci": [
          0.5958436145024278,
          0.9821242504842788
        ],
        "fpr": 0.1,
        "fpr_ci": [
          0.01787574951572113,
          0.4041563854975721
        ],
        "median_delay": 15.0,
        "mean_delay": 15.0,
        "std_delay": 0.0,
        "n_detections": 9,
        "delays": [
          15,
          15,
          15,
          15,
          15,
          15,
          15,
          15,
          15
        ]
      },
      "KSWIN": {
        "n_trials": 10,
        "alarm_rate": 1.0,
        "tpr": 0.1,
        "tpr_ci": [
          0.01787574951572113,
          0.4041563854975721
        ],
        "fpr": 0.9,
        "fpr_ci": [
          0.5958436145024278,
          0.9821242504842788
        ],
        "median_delay": 4.0,
        "mean_delay": 4.0,
        "std_delay": 0.0,
        "n_detections": 1,
        "delays": [
          4
        ]
      },
      "PageHinkley": {
        "n_trials": 10,
        "alarm_rate": 1.0,
        "tpr": 0.0,
        "tpr_ci": [
          0.0,
          0.2775401687666165
        ],
        "fpr": 1.0,
        "fpr_ci": [
          0.7224598312333834,
          1.0
        ],
        "median_delay": NaN,
        "mean_delay": NaN,
        "std_delay": NaN,
        "n_detections": 0,
        "delays": []
      },
      "DDM": {
        "n_trials": 10,
        "alarm_rate": 1.0,
        "tpr": 0.9,
        "tpr_ci": [
          0.5958436145024278,
          0.9821242504842788
        ],
        "fpr": 0.1,
        "fpr_ci": [
          0.01787574951572113,
          0.4041563854975721
        ],
        "median_delay": 266.0,
        "mean_delay": 296.55555555555554,
        "std_delay": 229.39636300086514,
        "n_detections": 9,
        "delays": [
          148,
          319,
          266,
          421,
          860,
          106,
          112,
          350,
          87
        ]
      },
      "EDDM": {
        "n_trials": 10,
        "alarm_rate": 1.0,
        "tpr": 0.1,
        "tpr_ci": [
          0.01787574951572113,
          0.4041563854975721
        ],
        "fpr": 0.9,
        "fpr_ci": [
          0.5958436145024278,
          0.9821242504842788
        ],
        "median_delay": 174.0,
        "mean_delay": 174.0,
        "std_delay": 0.0,
        "n_detections": 1,
        "delays": [
          174
        ]
      },
      "HDDM_A": {
        "n_trials": 10,
        "alarm_rate": 1.0,
        "tpr": 0.9,
        "tpr_ci": [
          0.5958436145024278,
          0.9821242504842788
        ],
        "fpr": 0.1,
        "fpr_ci": [
          0.01787574951572113,
          0.4041563854975721
        ],
        "median_delay": 42.0,
        "mean_delay": 61.666666666666664,
        "std_delay": 34.43512418705322,
        "n_detections": 9,
        "delays": [
          39,
          39,
          26,
          42,
          96,
          114,
          57,
          27,
          115
        ]
      },
      "HDDM_W": {
        "n_trials": 10,
        "alarm_rate": 1.0,
        "tpr": 0.1,
        "tpr_ci": [
          0.01787574951572113,
          0.4041563854975721
        ],
        "fpr": 0.9,
        "fpr_ci": [
          0.5958436145024278,
          0.9821242504842788
        ],
        "median_delay": 14.0,
        "mean_delay": 14.0,
        "std_delay": 0.0,
        "n_detections": 1,
        "delays": [
          14
        ]
      }
    },
    "gsg_tw500": {
      "PITMonitor": {
        "n_trials": 10,
        "alarm_rate": 1.0,
        "tpr": 1.0,
        "tpr_ci": [
          0.7224598312333834,
          1.0
        ],
        "fpr": 0.0,
        "fpr_ci": [
          0.0,
          0.2775401687666165
        ],
        "median_delay": 412.0,
        "mean_delay": 391.9,
        "std_delay": 76.23181750424163,
        "n_detections": 10,
        "delays": [
          294,
          477,
          400,
          221,
          417,
          407,
          454,
          462,
          359,
          428
        ]
      },
      "ADWIN": {
        "n_trials": 10,
        "alarm_rate": 1.0,
        "tpr": 0.9,
        "tpr_ci": [
          0.5958436145024278,
          0.9821242504842788
        ],
        "fpr": 0.1,
        "fpr_ci": [
          0.01787574951572113,
          0.4041563854975721
        ],
        "median_delay": 15.0,
        "mean_delay": 18.555555555555557,
        "std_delay": 10.056629776875344,
        "n_detections": 9,
        "delays": [
          15,
          47,
          15,
          15,
          15,
          15,
          15,
          15,
          15
        ]
      },
      "KSWIN": {
        "n_trials": 10,
        "alarm_rate": 1.0,
        "tpr": 0.1,
        "tpr_ci": [
          0.01787574951572113,
          0.4041563854975721
        ],
        "fpr": 0.9,
        "fpr_ci": [
          0.5958436145024278,
          0.9821242504842788
        ],
        "median_delay": 2.0,
        "mean_delay": 2.0,
        "std_delay": 0.0,
        "n_detections": 1,
        "delays": [
          2
        ]
      },
      "PageHinkley": {
        "n_trials": 10,
        "alarm_rate": 1.0,
        "tpr": 0.0,
        "tpr_ci": [
          0.0,
          0.2775401687666165
        ],
        "fpr": 1.0,
        "fpr_ci": [
          0.7224598312333834,
          1.0
        ],
        "median_delay": NaN,
        "mean_delay": NaN,
        "std_delay": NaN,
        "n_detections": 0,
        "delays": []
      },
      "DDM": {
        "n_trials": 10,
        "alarm_rate": 1.0,
        "tpr": 0.9,
        "tpr_ci": [
          0.5958436145024278,
          0.9821242504842788
        ],
        "fpr": 0.1,
        "fpr_ci": [
          0.01787574951572113,
          0.4041563854975721
        ],
        "median_delay": 568.0,
        "mean_delay": 600.1111111111111,
        "std_delay": 320.24866881306974,
        "n_detections": 9,
        "delays": [
          568,
          413,
          737,
          1343,
          709,
          374,
          244,
          273,
          740
        ]
      },
      "EDDM": {
        "n_trials": 10,
        "alarm_rate": 1.0,
        "tpr": 0.1,
        "tpr_ci": [
          0.01787574951572113,
          0.4041563854975721
        ],
        "fpr": 0.9,
        "fpr_ci": [
          0.5958436145024278,
          0.9821242504842788
        ],
        "median_delay": 375.0,
        "mean_delay": 375.0,
        "std_delay": 0.0,
        "n_detections": 1,
        "delays": [
          375
        ]
      },
      "HDDM_A": {
        "n_trials": 10,
        "alarm_rate": 1.0,
        "tpr": 0.9,
        "tpr_ci": [
          0.5958436145024278,
          0.9821242504842788
        ],
        "fpr": 0.1,
        "fpr_ci": [
          0.01787574951572113,
          0.4041563854975721
        ],
        "median_delay": 149.0,
        "mean_delay": 209.77777777777777,
        "std_delay": 128.19930471104382,
        "n_detections": 9,